{
  "hold": {
    "price_efficiency": {
      "label": "hold",
      "n_episodes": 10,
      "mean_error_by_turn": [
        null,
        2.9860000000000007,
        2.8209999999999993,
        2.7905,
        2.7104999999999997,
        2.629499999999999,
        2.4499999999999984,
        2.3889999999999985,
        2.4595,
        2.34,
        2.629999999999998,
        2.9190000000000005,
        2.8845,
        2.8229999999999995,
        2.6989999999999994,
        2.7129999999999996,
        2.7574999999999994,
        2.844,
        2.9609999999999985,
        3.1179999999999994,
        3.0595,
        3.185,
        2.996000000000001,
        2.9780000000000006,
        2.974,
        2.8540000000000005,
        2.8525,
        2.6975000000000007,
        2.7294999999999994,
        2.8434999999999997,
        2.841499999999999,
        2.8724999999999996,
        2.9864999999999986,
        2.983999999999999,
        3.0839999999999987,
        2.983999999999999,
        2.9559999999999973,
        2.944499999999998,
        2.9044999999999974,
        2.9414999999999987,
        3.0154999999999985,
        3.0154999999999985,
        2.9429999999999987,
        2.9774999999999983,
        2.972999999999999,
        2.976999999999998,
        3.040499999999999,
        3.0524999999999993,
        3.062499999999999,
        3.063999999999999
      ],
      "final_mean_error": 3.063999999999999,
      "initial_mean_error": 2.9860000000000007,
      "improvement": -0.07799999999999851
    },
    "signal_alignment": {
      "label": "hold",
      "n_active": 0,
      "n_aligned": 0,
      "n_misaligned": 0,
      "alignment_rate": 0.0,
      "threshold": 1.0
    }
  },
  "random": {
    "price_efficiency": {
      "label": "random",
      "n_episodes": 10,
      "mean_error_by_turn": [
        null,
        3.0410000000000004,
        2.9694999999999987,
        3.342,
        3.0159999999999996,
        3.0235000000000007,
        2.776000000000001,
        2.7035000000000005,
        2.8029999999999995,
        2.7265,
        3.2190000000000003,
        3.2255000000000016,
        3.248000000000001,
        3.1395000000000004,
        2.786999999999999,
        2.4524999999999992,
        2.408,
        2.7915000000000005,
        2.9019999999999997,
        3.0574999999999997,
        2.9595000000000007,
        2.9144999999999994,
        2.978,
        2.846000000000001,
        2.874499999999999,
        2.994500000000001,
        3.1545,
        2.8815000000000004,
        2.875499999999999,
        2.8835,
        2.9314999999999998,
        2.912499999999999,
        2.937000000000001,
        2.891500000000002,
        3.102000000000001,
        3.066,
        2.9965,
        2.8790000000000004,
        3.0055000000000014,
        2.9654999999999996,
        2.9834999999999985,
        2.9974999999999987,
        3.063999999999999,
        2.993999999999999,
        2.9704999999999986,
        2.9999999999999987,
        3.0324999999999998,
        2.9094999999999986,
        2.9504999999999995,
        2.8840000000000003
      ],
      "final_mean_error": 2.8840000000000003,
      "initial_mean_error": 3.0410000000000004,
      "improvement": 0.15700000000000003
    },
    "signal_alignment": {
      "label": "random",
      "n_active": 149,
      "n_aligned": 63,
      "n_misaligned": 86,
      "alignment_rate": 0.4228187919463087,
      "threshold": 1.0
    }
  },
  "informed": {
    "price_efficiency": {
      "label": "informed",
      "n_episodes": 10,
      "mean_error_by_turn": [
        null,
        2.9860000000000007,
        2.8660000000000005,
        2.775000000000001,
        2.3705000000000007,
        2.3914999999999984,
        2.194499999999999,
        2.163999999999999,
        2.258499999999999,
        2.1954999999999982,
        2.145499999999997,
        2.347999999999999,
        2.242499999999999,
        2.165499999999999,
        2.036999999999998,
        2.029999999999999,
        1.956499999999999,
        2.1094999999999993,
        2.166999999999999,
        2.3554999999999984,
        2.3705,
        2.347,
        2.165499999999999,
        2.076999999999999,
        2.0249999999999995,
        1.8899999999999992,
        1.9099999999999995,
        1.747500000000001,
        1.9779999999999993,
        2.0214999999999987,
        2.002999999999998,
        1.9929999999999986,
        2.181499999999999,
        2.120499999999999,
        2.258999999999999,
        2.1209999999999987,
        2.202999999999998,
        2.258499999999999,
        2.0839999999999983,
        2.1729999999999983,
        2.2349999999999994,
        2.228499999999999,
        2.187499999999999,
        2.279,
        2.2350000000000003,
        2.2364999999999986,
        2.2824999999999998,
        2.3874999999999984,
        2.3984999999999994,
        2.3989999999999987
      ],
      "final_mean_error": 2.3989999999999987,
      "initial_mean_error": 2.9860000000000007,
      "improvement": 0.587000000000002
    },
    "signal_alignment": {
      "label": "informed",
      "n_active": 237,
      "n_aligned": 237,
      "n_misaligned": 0,
      "alignment_rate": 1.0,
      "threshold": 1.0
    }
  }
}