{
  "trained": {
    "price_efficiency": {
      "label": "trained_aux",
      "n_episodes": 10,
      "mean_error_by_turn": [
        null,
        2.728999999999999,
        2.4764999999999993,
        2.762999999999999,
        2.3970000000000007,
        2.543499999999999,
        2.4575000000000005,
        2.5804999999999993,
        2.585499999999999,
        2.5829999999999984,
        2.5895,
        2.9730000000000003,
        2.9864999999999995,
        2.8534999999999995,
        3.0060000000000002,
        2.7509999999999986,
        2.595999999999999,
        2.9,
        2.9389999999999987,
        2.996999999999999,
        2.7059999999999995,
        3.3714999999999997,
        2.8540000000000005,
        3.0494999999999997,
        2.852499999999998,
        2.6929999999999987,
        2.655,
        2.698999999999998,
        2.6134999999999993,
        2.6569999999999987,
        2.634999999999999,
        2.663999999999998,
        2.866999999999998,
        2.740499999999998,
        2.731999999999998,
        2.628999999999998,
        2.607499999999998,
        2.7049999999999974,
        2.5194999999999985,
        2.6484999999999994,
        2.6489999999999987,
        2.662999999999999,
        2.664999999999999,
        2.594499999999999,
        2.6065000000000005,
        2.557,
        2.5695,
        2.5845,
        2.6075000000000004,
        2.6675000000000004
      ],
      "final_mean_error": 2.6675000000000004,
      "initial_mean_error": 2.728999999999999,
      "improvement": 0.06149999999999878
    },
    "signal_alignment": {
      "label": "trained_aux",
      "n_active": 250,
      "n_aligned": 200,
      "n_misaligned": 50,
      "alignment_rate": 0.8,
      "threshold": 1.0
    }
  }
}